No,p1,rel,p2
1,蔡徐坤,前队友,吾木提·吐尔逊
2,蔡徐坤,前队友,俞更寅
3,蔡徐坤,前队友,何屹繁
4,蔡徐坤,前队友,刘也
5,蔡徐坤,前队友,赵品霖
6,蔡徐坤,搭档,李晨
7,蔡徐坤,搭档,Angelababy
8,蔡徐坤,搭档,郑恺
9,蔡徐坤,搭档,白鹿
10,蔡徐坤,前队友,范丞丞
11,蔡徐坤,前队友,陈立农
12,蔡徐坤,前队友,黄明昊
13,蔡徐坤,前队友,林彦俊
14,蔡徐坤,前队友,朱正廷
15,蔡徐坤,前队友,王子异
16,蔡徐坤,前队友,小鬼
17,蔡徐坤,前队友,尤长靖
18,吾木提·吐尔逊,队友,刘也
19,吾木提·吐尔逊,队友,赵品霖
20,吾木提·吐尔逊,队友,俞更寅
21,吾木提·吐尔逊,队友,何屹繁
22,吾木提·吐尔逊,前队友,蔡徐坤
23,俞更寅,队友,刘也
24,俞更寅,队友,赵品霖
25,俞更寅,队友,何屹繁
26,俞更寅,队友,吾木提·吐尔逊
27,俞更寅,前队友,蔡徐坤
28,何屹繁,队友,刘也
29,何屹繁,队友,赵品霖
30,何屹繁,队友,俞更寅
31,何屹繁,队友,吾木提·吐尔逊
32,何屹繁,前队友,蔡徐坤
33,刘也,队友,俞更寅
34,刘也,队友,何屹繁
35,刘也,队友,吾木提·吐尔逊
36,刘也,队友,赵品霖
37,刘也,前队友,蔡徐坤
38,刘也,前队友,任豪
39,赵品霖,队友,刘也
40,赵品霖,队友,何屹繁
41,赵品霖,队友,吾木提·吐尔逊
42,赵品霖,队友,俞更寅
43,赵品霖,前队友,蔡徐坤
44,李晨,前女友,范冰冰
45,李晨,前女友,迪丽娜尔
46,李晨,祖母,张其超
47,李晨,好友,杨烁
48,李晨,好友,霍思燕
49,李晨,好友,张歆艺
50,李晨,好友,邓超
51,李晨,好友,沙溢
52,李晨,好友,郑恺
53,李晨,好友,杜江
54,李晨,好友,杜淳
55,李晨,搭档,张芷溪
56,李晨,搭档,马伊琍
57,李晨,搭档,袁姗姗
58,李晨,搭档,马里山
59,李晨,搭档,蔡徐坤
60,李晨,搭档,马苏
61,李晨,搭档,张译
62,Angelababy,儿子,小海绵
63,Angelababy,弟弟,杨帆
64,Angelababy,前夫,黄晓明
65,Angelababy,前男友,陈伟霆
66,Angelababy,好友,杨幂
67,Angelababy,好友,井柏然
68,Angelababy,好友,郑恺
69,Angelababy,好友,张大大
70,Angelababy,好友,韩火火
71,Angelababy,搭档,苏青
72,Angelababy,搭档,白鹿
73,Angelababy,搭档,赵又廷
74,Angelababy,搭档,任嘉伦
75,Angelababy,搭档,蔡徐坤
76,Angelababy,搭档,程枫
77,Angelababy,搭档,盛朗熙
78,Angelababy,搭档,冯德伦
79,郑恺,妻子,苗苗
80,郑恺,前女友,程晓玥
81,郑恺,好友,李晨
82,郑恺,好友,Angelababy
83,郑恺,好友,邓超
84,郑恺,好友,沙溢
85,郑恺,好友,白鹿
86,郑恺,好友,杜江
87,郑恺,搭档,葛优
88,郑恺,搭档,蔡徐坤
89,郑恺,搭档,韩庚
90,白鹿,好友,庄锭欣
91,白鹿,好友,费启鸣
92,白鹿,好友,刘些宁
93,白鹿,好友,虞书欣
94,白鹿,好友,张逸杰
95,白鹿,好友,郑恺
96,白鹿,搭档,Angelababy
97,白鹿,搭档,张若昀
98,白鹿,搭档,邓为
99,白鹿,搭档,孙珍妮
100,白鹿,搭档,任嘉伦
101,白鹿,搭档,张凌赫
102,白鹿,搭档,许凯
103,白鹿,搭档,罗云熙
104,白鹿,搭档,王鹤棣
105,白鹿,搭档,蔡徐坤
106,范丞丞,父亲,范涛
107,范丞丞,母亲,张传美
108,范丞丞,姐姐,范冰冰
109,范丞丞,堂妹,范朵朵
110,范丞丞,队友,李权哲
111,范丞丞,队友,黄新淳
112,范丞丞,队友,丁泽仁
113,范丞丞,队友,毕雯珺
114,范丞丞,队友,朱正廷
115,范丞丞,队友,黄明昊
116,范丞丞,搭档,张一山
117,范丞丞,搭档,杨紫
118,范丞丞,搭档,朱颜曼滋
119,范丞丞,前队友,陈立农
120,范丞丞,前队友,林彦俊
121,范丞丞,前队友,王子异
122,范丞丞,前队友,小鬼
123,范丞丞,前队友,尤长靖
124,范丞丞,前队友,蔡徐坤
125,陈立农,好友,王彦霖
126,陈立农,前队友,范丞丞
127,陈立农,前队友,朱正廷
128,陈立农,前队友,黄明昊
129,陈立农,前队友,林彦俊
130,陈立农,前队友,王子异
131,陈立农,前队友,小鬼
132,陈立农,前队友,尤长靖
133,陈立农,前队友,蔡徐坤
134,黄明昊,母亲,陈建平
135,黄明昊,队友,范丞丞
136,黄明昊,队友,李权哲
137,黄明昊,队友,黄新淳
138,黄明昊,队友,丁泽仁
139,黄明昊,队友,毕雯珺
140,黄明昊,队友,朱正廷
141,黄明昊,好友,杨幂
142,黄明昊,前队友,陈立农
143,黄明昊,前队友,王子异
144,黄明昊,前队友,小鬼
145,黄明昊,前队友,尤长靖
146,黄明昊,前队友,林彦俊
147,黄明昊,前队友,蔡徐坤
148,林彦俊,搭档,陈星旭
149,林彦俊,前队友,范丞丞
150,林彦俊,前队友,小鬼
151,林彦俊,前队友,陈立农
152,林彦俊,前队友,王子异
153,林彦俊,前队友,朱正廷
154,林彦俊,前队友,尤长靖
155,林彦俊,前队友,黄明昊
156,林彦俊,前队友,蔡徐坤
157,朱正廷,队友,范丞丞
158,朱正廷,队友,李权哲
159,朱正廷,队友,黄新淳
160,朱正廷,队友,丁泽仁
161,朱正廷,队友,毕雯珺
162,朱正廷,队友,黄明昊
163,朱正廷,搭档,孙伊涵
164,朱正廷,搭档,白澍
165,朱正廷,搭档,徐好
166,朱正廷,搭档,卢昱晓
167,朱正廷,前队友,陈立农
168,朱正廷,前队友,林彦俊
169,朱正廷,前队友,王子异
170,朱正廷,前队友,小鬼
171,朱正廷,前队友,尤长靖
172,朱正廷,前队友,蔡徐坤
173,王子异,前队友,范丞丞
174,王子异,前队友,陈立农
175,王子异,前队友,黄明昊
176,王子异,前队友,林彦俊
177,王子异,前队友,朱正廷
178,王子异,前队友,蔡徐坤
179,王子异,前队友,小鬼
180,王子异,前队友,尤长靖
